Symbol,Name
AADI,Aadi Biosciences Inc
AAN,Aarons Holdings Company
AAOI,Applied Optoelect
AAT,American Assets Trust
ABCB,Ameris Bancorp
ABG,Asbury Automotive Group Inc
ABM,ABM Industries Inc
ABOS,Acumen Pharmaceuticals Inc
ABR,Arbor Realty Trust
ABSI,Absci Corp
ABUS,Arbutus Biopharma Corp
ACA,Arcosa Inc
ACAD,Acadia Pharmaceutica
ACCD,Accolade Inc
ACCO,Acco Brands Corp
ACDC,Profrac Holding Corp. Cl A
ACEL,Accel Entertainment Inc
ACET,Adicet Bio Inc
ACHR,Archer Aviation Inc
ACHV,Achieve Life Sciences Inc
ACIC,American Coastal Insurance Corp
ACIW,Aci Worldwide Inc
ACLS,Axcelis Tech Inc
ACLX,Arcellx Inc
ACMR,Acm Research Inc
ACNB,Acnb Corp
ACRE,Ares Commercial Real Estate Cor
ACRS,Aclaris Therapts
ACRV,Acrivon Therapeutics Inc
ACT,Enact Holdings Inc
ACTG,Acacia Res-Acacia
ACVA,Acv Auctions Inc Cl A
ADCT,Adc Therapeutics Sa
ADEA,Adeia Inc
ADMA,Adma Biologics
ADNT,Adient Plc
ADPT,Adaptive Biotechnologies Corp
ADTN,Adtran Holdings Inc
ADUS,Addus Homecare Corp
ADV,Advantage Solutions Inc
ADVM,Adverum Biotechnologies Inc
AEHR,Aehr Test Systems
AEIS,Advanced Energy
AEO,American Eagle Outfitters
AESI,Atlas Energy Solutions Inc Cl A
AEVA,Aeva Technologies Inc
AEYE,Audioeye Inc
AFCG,Afc Gamma Inc
AFRI,Forafric Global Plc
AGEN,Agenus Inc
AGIO,Agios Pharmaceuticals
AGL,Agilon Health Inc
AGM,Federal Agricultural Mortgage Corp
AGS,Playags Inc
AGX,Argan Inc
AGYS,Agilysys Inc
AHCO,Adapthealth Corp Cl. A
AHH,Armada Hoffler Properties Inc
AHR,American Healthcare REIT Inc
AI,C3.Ai Inc Cl A
AILE,Ilearningengines Inc
AIN,Albany International Corp
AIP,Arteris Inc
AIR,AAR Corp
AIRS,Airsculpt Technologies Inc
AIT,Applied Industrial Technologies
AIV,Apartment Investment and Management
AKBA,Akebia Therapeutics
AKR,Acadia Realty Trust
AKRO,Akero Therapeutics Inc
AKYA,Akoya Biosciences Inc
ALCO,Alico Inc
ALDX,Aldeyra Therapeu
ALE,Allete Inc
ALEC,Alector Inc
ALEX,Alexander and Baldwin Inc
ALG,Alamo Group
ALGT,Allegiant Travel Com
ALHC,Alignment Healthcare Inc
ALIM,Alimera Sciences Inc
ALIT,Alight Inc Cl A
ALKS,Alkermes Plc
ALKT,Alkami Technology Inc
ALLO,Allogene Therapeutics Inc
ALNT,Allient Inc
ALRM,Alarm.com
ALRS,Alerus Financial Corp
ALT,Altimmune Inc
ALTG,Alta Equipment Group Inc
ALTI,Alti Global Inc
ALTM,Arcadium Lithium Plc
ALTR,Altair Engineering Inc Cl A
ALX,Alexander's Inc
ALXO,Alx Oncology Holdings Inc
AMAL,Amalgamated Financial Corp
AMBA,Ambarella Inc
AMBC,Ambac Financial Group
AMBP,Ardagh Metal Packaging S.A.
AMC,AMC Entertainment Holdings
AMCX,AMC Networks Cl A
AMK,Assetmark Financial Holdings Inc
AMN,Amn Healthcare Services Inc
AMPH,Amphastar Pharma
AMPL,Amplitude Inc Cl A
AMPS,Altus Power Inc
AMPX,Amprius Technologies Inc
AMPY,Amplify Energy Corp
AMR,Alpha Metallurgical Resources Inc
AMRC,Ameresco Inc
AMRK,A-Mark Precious Meta
AMRX,Amneal Pharmaceuticals Inc
AMSC,Amer Superconductor
AMSF,Amerisafe Inc
AMSWA,Amer Software Inc
AMTB,Mercantil Bank Holding Cl A
AMTX,Aemetis Inc
AMWD,Amer Woodmark Corp
ANAB,Anaptysbio Inc
ANDE,Andersons Inc
ANF,Abercrombie & Fitch Company
ANGO,Angiodynamics Inc
ANIK,Anika Therapeutics
ANIP,ANI Pharma Inc
ANNX,Annexon Inc
ANRO,Alto Neuroscience Inc
AOMR,Angel Oak Mortgage REIT Inc
AORT,Artivion Inc
AOSL,Alpha and Omega Semi
APAM,Artisan Partners Asset Mgmt
APEI,American Public Education
APGE,Apogee Therapeutics Inc
APLD,Applied Digital Corp
APLE,Apple Hospitality REIT Inc
APLT,Applied Therapeutics Inc
APOG,Apogee Entrpr Inc
APPN,Appian Corp Cl A
APPS,Digital Turbine
AQST,Aquestive Therapeutics Inc
ARAY,Accuray Inc
ARCB,Arcbest Corp
ARCH,Arch Resources Inc
ARCT,Arcturus Therapeutics Ltd
ARDX,Ardelyx Inc
ARHS,Arhaus Inc Cl A
ARI,Apollo Commercial Real Estate
ARIS,Aris Water Solutions Inc Cl A
ARKO,Arko Corp
ARL,American Realty Investors
ARLO,Arlo Technologies Inc
AROC,Archrock Inc
AROW,Arrow Financial Corp
ARQ,Arq Inc
ARQT,Arcutis Biotherapeutics Inc
ARR,Armour Residential R
ARRY,Array Technologies Inc
ARVN,Arvinas Inc
ARWR,Arrowhead Pharma
ASAN,Asana Inc Cl A
ASB,Associated Banc-Corp
ASC,Ardmore Shipping Corp
ASGN,On Assignment
ASIX,Advansix Inc
ASLE,Aersale Corp
ASO,Academy Sports and Outdoors Inc
ASPI,Asp Isotopes Inc
ASPN,Aspen Aerogels Inc
ASTE,Astec Inds Inc
ASTH,Astrana Health Inc
ASTS,Ast Spacemobile Inc
ASUR,Asure Software
ATEC,Alphatec Holdings
ATEN,A10 Networks Inc
ATEX,Anterix Inc.
ATGE,Adtalem Global Education Inc
ATKR,Atkore Inc
ATLC,Atlanticus Holdings Corp
ATLO,Ames Natl Corp
ATMU,Atmus Filtration Technologies Inc
ATNI,Atn International
ATNM,Actinium Pharmaceuticals Inc
ATOS,Atossa Therapeutics Inc
ATRC,Atricure Inc
ATRI,Atrion Corp
ATRO,Astronics Corp
ATSG,Air Transport
ATXS,Astri Therapeutics Inc
AUB,Atlantic Union Bancshares Corp
AUPH,Aurinia Pharm Ord
AUR,Aurora Innovation Inc Cl A
AURA,Aura Biosciences Inc
AVA,Avista Corp
AVAH,Aveanna Healthcare Holdings Inc
AVAV,Aerovironment Inc
AVBP,Arrivent Biopharma Inc
AVD,American Vanguard Corp
AVDL,Avadel Pharmaceuticals Plc ADR
AVDX,Avidxchange Holdings Inc
AVIR,Atea Pharmaceuticals Inc
AVNS,Avanos Medical Inc
AVNT,Avient Corp
AVNW,Aviat Networks Inc
AVO,Mission Produce Inc
AVPT,Avepoint Inc Cl A
AVTE,Aerovate Therapeutics Inc
AVXL,Anavex Lf SC
AWR,American States Water Company
AX,Axos Financial Inc
AXGN,Axogen Inc
AXL,American Axle & Manufacturing
AXNX,Axonics Inc
AXSM,Axsome Thera
AZZ,Azz Inc
B,Barnes Group
BALY,Bally's Corp
BANC,First Pactrust Bancorp
BAND,Bandwidth Inc
BANF,Bancfirst Corp
BANR,Banner Corp
BARK,Bark Inc
BASE,Couchbase Inc
BATRA,Atlanta Braves Holdings Inc
BATRK,Atlanta Braves Holdings Inc C
BBAI,Bigbear.Ai Holdings Inc
BBCP,Concrete Pumping Holdings Inc
BBIO,Bridgebio Pharma Inc
BBSI,Barrett Business S
BBUC,Brookfield Business Corp
BBW,Build-A-Bear Workshop
BCAB,Bioatla Inc
BCAL,Southern Calif Bancorp
BCBP,Bcb Bancorp Inc
BCC,Boise Cascade L.L.C.
BCML,Bay Commercial Bk CA
BCO,Brink's Company
BCPC,Balchem Corp
BCRX,Biocryst Pharma Inc
BDC,Belden Inc
BDN,Brandywine Realty Trust
BDTX,Black Diamond Therapeutics Inc
BE,Bloom Energy Corp Cl A
BEAM,Beam Therapeutics Inc
BECN,Beacon Roofing Suppl
BELFA,BEL Fuse Cl A
BELFB,BEL Fuse Inc Cl B
BFC,Bank First National Corp [Wisconsin]
BFH,Bread Financial Hldgs Inc
BFS,Saul Centers
BFST,Business First Bancshares Inc
BGC,Bgc Partners Cl A
BGFV,Big 5 Sporting
BGS,B&G Foods Holdings
BGXX,Bright Green Corp
BH,Biglari Holdings Inc
BHB,Bar Harbor Bankshares
BHE,Benchmark Electronics
BHLB,Berkshire Hills Bancorp
BHR,Braemar Hotels & Resorts Inc
BHRB,Burke Herbert Financial Services Corp
BHVN,Biohaven Ltd
BIGC,Bigcommerce Holdings Inc
BIPC,Brookfield Infrastructure Partners LP Cl A
BJRI,Bj's Restaurants Inc
BKD,Brookdale Senior Living Inc
BKE,Buckle Inc
BKH,Black Hills Corp
BKSY,Blacksky Technology Inc
BKU,BankUnited Inc
BL,Blackline Inc
BLBD,Blue Bird Corp
BLDE,Blade Air Mobility Inc
BLFS,Biolife Solutions
BLFY,Blue Foundry Bancorp
BLKB,Blackbaud Inc
BLMN,Bloomin' Brands Inc
BLND,Blend Labs Inc Cl A
BLNK,Blink Charging Company
BLUE,Bluebird Bio
BLX,Banco Latinoamericano DE Comercio
BLZE,Backblaze Inc Cl A
BMBL,Bumble Inc
BMEA,Biomea Fusion Inc
BMI,Badger Meter
BMRC,Bank of Marin Bancrp
BNL,Broadstone Net Lease Inc Cl A
BOC,Boston Omaha Corp Cl A
BOH,Bank of Hawaii Corp
BOLD,Boundless Bio Inc
BOOM,Dynamic Materials
BOOT,Boot Barn Holdings Inc
BORR,Borr Drilling Ltd
BOX,Box Inc
BPMC,Blueprint Medicines Corp
BPRN,Princeton Bancorp Inc
BRBS,Blue Ridge Bankshare
BRCC,Brc Inc Cl A
BRKL,Brookline Bancorp
BRSP,Brightspire Capital Inc
BRT,BRT Realty Trust
BRY,Berry Pete Corp
BRZE,Braze Inc Cl A
BSIG,Brightsphere Investment Group Plc
BSRR,Sierra Bancorp
BSVN,Bank7 Corp
BTAI,Bioxcel Therapeutics Inc
BTBT,Bit Digital Inc
BTMD,Biote Corp
BTSG,Brightspring Health Services Inc
BTU,Peabody Energy Corp
BUR,Burford Capital Ltd
BUSE,First Busey Corp
BV,Brightview Holdings Inc
BVS,Bioventus Inc Cl A
BWB,Bridgewater Bancshares Inc
BWFG,Bankwell Financial
BWIN,The Baldwin Insurance Group Inc
BWMN,Bowman Consulting Group Ltd
BXC,Bluelinx Holdings Inc
BXMT,Blackstone Mortgage Trust Inc Cl A
BY,Byline Bancorp Inc
BYND,Beyond Meat Inc
BYON,Beyond Inc
BYRN,Byrna Technologies Inc
BZH,Beazer Homes USA
CABA,Cabaletta Bio Inc
CABO,Cable One Inc
CAC,Camden Natl Corp
CADE,Cadence Bank
CADL,Candel Therapeutics Inc
CAKE,Cheesecake Fact
CAL,Caleres Inc
CALB,California Bancorp
CALM,Cal-Maine Foods IN
CALX,Calix Inc
CAPR,Capricor Therap
CARE,Carter Bankshares Inc
CARG,Cargurus Inc Cl A
CARM,Carisma Therapeutics Inc
CARS,Cars.com Inc
CASH,Pathward Financial Inc
CASS,Cass Information Sys
CATX,Perspective Therapeutics Inc
CATY,Cathay Genl Bncp
CBAN,Colony Bankcorp Inc
CBL,Cbl & Associates Properties Inc
CBNK,Capital Bancorp Inc
CBRL,Cracker Barrel
CBT,Cabot Corp
CBU,Community Financial System Inc
CBUS,Cibus Inc
CBZ,Cbiz Inc
CCB,Coastal Financial Corp
CCBG,Capital City Bank Gr
CCCC,C4 Therapeutics Inc
CCNE,Cnb Financial Corp
CCO,Clear Channel Outdoor Holdings
CCOI,Cogent Comm Hlds
CCRN,Cross Ctry Hlthcr
CCS,Century Communities Inc
CCSI,Consensus Cloud Solutions
CDE,Coeur Mining Inc
CDLX,Cardlytics Inc
CDMO,Avid Bioservices Inc
CDNA,Caredx Inc
CDP,Copt Defense Properties
CDRE,Cadre Holdings Inc
CDXC,Chromadex Corp CS
CDXS,Codexis Inc
CDZI,Cadiz Inc
CECO,Ceco Environmental Corp
CEIX,Consol Energy Inc
CELC,Celcuity Inc
CENT,Central Garden
CENTA,Central Garden & Pet
CENX,Century Aluminum C
CERS,Cerus Corp
CEVA,Ceva Inc
CFB,Crossfirst Bankshares Inc
CFFI,C&F Financial Corp
CFFN,Capitol Fed Finl Inc
CGEM,Cullinan Therapeutics Inc
CGON,Cg Oncology Inc
CHCO,City Holding Company
CHCT,Community Healthcare Trust Inc
CHEF,The Chefs Warehouse
CHGG,Chegg Inc
CHMG,Chemung Financial Corp
CHPT,Chargepoint Hldgs Inc
CHRS,Coherus Bio
CHUY,Chuy's Holdings Inc
CHX,Championx Corp
CIFR,Cipher Mining Inc
CIM,Chimera Investment Corp
CIO,City Office REIT Inc
CIVB,Civista Bncshrs
CIX,Compx International Inc
CLAR,Clarus Corp
CLB,Core Laboratories Inc
CLBK,Columbia Financial Inc
CLDT,Chatham Lodging Trust REIT
CLDX,Celldex Therapeutics
CLFD,Clearfield Inc
CLMB,Climb Global Solutions Inc
CLNE,Clean Energy Fuels
CLPR,Clipper Realty Inc
CLSK,Cleanspark Inc
CLW,Clearwater Paper Corp
CMBM,Cambium Networks Corp
CMC,Commercial Metals Company
CMCL,Caledonia Mining Corp
CMCO,Columbus Mckinnon
CMP,Compass Minerals Intl Inc
CMPO,Composecure Inc
CMPR,Cimpress N.V. Ord
CMPX,Compass Therapeutics Inc
CMRE,Costamare Inc
CMT,Core Molding Technologies Inc
CMTG,Claros Mortgage Trust Inc
CNDT,Conduent Inc
CNK,Cinemark Holdings Inc
CNMD,C O N M E D Corp
CNNE,Cannae Holdings Inc
CNO,Cno Financial Group
CNOB,Connectone Bancorp
CNS,Cohn & Steers Inc
CNSL,Consolidated Communications Holdings Inc
CNTY,Century Casinos IN
CNX,CNX Resources Corp
CNXN,PC Connection Inc
COCO,The Vita Coco Company Inc
CODI,Compass Diversified Holdings
COFS,Choiceone Financial
COGT,Cogent Biosciences Inc
COHU,Cohu Inc
COLL,Collegium Pharma
COMM,Commscope Holding Company
COMP,Compass Inc Cl A
COOK,Traeger Inc
COOP,Mr.Cooper Group Inc
CORT,Corcept Therapeutics
CORZ,Core Scientific Inc
COUR,Coursera Inc
CPF,Central Pacific Financial Company
CPK,Chesapeake Utilities Corp
CPRX,Catalyst Pharm Inc
CPS,Cooper Std Holdings Inc
CPSS,Consumer Portfol
CRAI,Cra International
CRBP,Corbus Pharmaceuticals Hldgs Inc
CRBU,Caribou Biosciences Inc
CRC,California Resources Corp
CRCT,Cricut Inc Cl A
CRD.A,Crawford Company Cl A
CRDF,Cardiff Oncology Inc
CRDO,Credo Technology Group Holding Ltd
CRGX,Cargo Therapeutics Inc
CRGY,Crescent Energy Company Cl A
CRK,Comstock Resources
CRMD,Cormedix Inc
CRML,Critical Metals Corp
CRMT,America's Car-Mart
CRNC,Cerence Inc
CRNX,Crinetics Pharmaceuticals Inc
CRS,Carpenter Technology Corp
CRSR,Corsair Gaming Inc
CRVL,Corvel Corp
CRVO,Cervomed Inc
CSGS,C S G Sys Intl
CSR,Centerspace
CSTE,Caesarstone Sdot-Yam
CSTL,Castle Biosciences Inc
CSTM,Constellium N.V.
CSV,Carriage Services
CSWI,Csw Industrials Inc
CTBI,Community TR Bancp
CTGO,Contango Ore Inc
CTKB,Cytek Biosciences Inc
CTLP,Cantalope Inc
CTNM,Contineum Therapeutics Inc
CTO,Cto Realty Growth Inc
CTOS,Custom Truck One Source
CTRE,Caretrust REIT Inc
CTRI,Centuri Holdings Inc
CTRN,Citi Trends Inc
CTS,Cts Corp
CTV,Innovid Corp
CUBI,Customers Bancorp
CUE,Cue Biopharma Inc
CURV,Torrid Holdings Inc
CUTR,Cutera Inc
CVBF,Cvb Financial Corp
CVCO,Cavco Inds Inc
CVGI,Commercial Vehicle G
CVGW,Calavo Growers Inc
CVI,Cvr Energy Inc
CVLG,Covenant Logistics Group Inc
CVLT,Commvault Systems
CVRX,Cvrx Inc
CWAN,Clearwater Analytics Holdings Inc Cl A
CWBC,Community West Bank
CWCO,Cons Water Inc
CWH,Camping World Holdings Inc
CWK,Cushman & Wakefield Plc
CWST,Casella Waste Sys
CWT,California Water Service Group Holding
CXM,Sprinklr Inc Cl A
CXW,Corecivic Inc
CYH,Community Health Systems
CYRX,Cryoport Inc
CYTK,Cytokinetics
CZFS,Citizens Fincl Svcs
CZNC,Citizens Nrthn Corp
DAKT,Daktronics Inc
DAN,Dana Inc
DAVE,Dave Inc
DAWN,Day One Biopharmaceuticals Inc
DBD,Diebold Nixdorf Incorporated
DBI,Designer Brands Inc
DBRG,Digitalbridge Group Inc
DC,Dakota Gold Corp
DCGO,Docgo Inc.
DCO,Ducommun Inc
DCOM,Dime Community Bancshares Inc
DDD,3D Systems Corp
DEA,Easterly Government Properties
DEC,Diversified Energy Company Plc
DEI,Douglas Emmett
DENN,Dennys Corp
DESP,Despegar.com Corp
DFH,Dream Finders Homes Inc Cl A
DFIN,Donnelly Financial Solutions Inc
DFLI,Dragonfly Energy Hldgs Corp
DGICA,Donegal Group Cl A
DGII,Digi Intl Inc
DH,Definitive Healthcare Corp Cl A
DHC,Diversified Healthcare Trust
DHIL,Diamond Hill Inv
DHT,Dht Holdings
DIBS,1stdibs.com Inc
DIN,Dineequity Inc
DIOD,Diodes Inc
DJCO,Daily Journal Corp
DK,Delek US Holdings
DLHC,Dlh Holdings Corp
DLX,Deluxe Corp
DMRC,Digimarc Corp
DNLI,Denali Therapeutics Inc
DNMR,Danimer Scientific Inc
DNOW,Dnow Inc
DNTH,Dianthus Therapeutics Inc
DNUT,Krispy Kreme Inc
DO,Diamond Offshore Drilling Inc
DOCN,Digitalocean Holdings Inc
DOLE,Dole Plc
DOMO,Domo Inc Cl B
DORM,Dorman Products Inc
DRH,Diamondrock Hospitality Company
DRQ,Dril-Quip
DRS,Leonardo Drs Inc
DRVN,Driven Brands Holdings Inc
DSGN,Design Therapeutics Inc
DSGR,Distribution Solutions Group Inc
DSP,Viant Technology Inc
DTC,Solo Brands Inc Cl A
DTI,Drilling Tools International Corp
DVAX,Dynavax Technologies
DX,Dynex Capital
DXLG,Destination XL Group
DXPE,Dxp Enterprise
DY,Dycom Industries
DYN,Dyne Therapeutics Inc
DZSI,Dasan Zhone Solutions Inc
EAF,Graftech International Ltd
EAT,Brinker International
EB,Eventbrite Inc
EBC,Eastern Bankshares Inc
EBF,Ennis Inc
EBTC,Enterprise Bancorp
ECPG,Encore Capital Group
ECVT,Pq Group Holdings Inc
EDIT,Editas Medicine
EE,Excelerate Energy Inc Cl A
EEX,Emerald Expositions Events Inc
EFC,Ellington Financial Llc
EFSC,Enterprises Finl Svc
EGAN,Egain Corp
EGBN,Eagle Bancorp Inc
EGHT,8X8 Inc
EGY,Vaalco Energy Inc
EHAB,Enhabit Inc
EIG,Employers Holdings Inc
ELEV,Elevation Oncology Inc
ELME,Elme Communities
ELVN,Enliven Therapeutics Inc
ELYM,Eliem Therapeutics Inc
EMBC,Embecta Corp
EML,Eastern Company
ENFN,Enfusion Inc Cl A
ENR,Energizer Holdings Inc
ENS,Enersys Inc
ENSG,The Ensign Group IN
ENTA,Enanta Pharmaceutica
ENV,Envestnet Inc
ENVA,Enova International Inc
ENVX,Enovix Corp
EOLS,Evolus Inc
EP,Empire Petroleum Corp
EPAC,Actuant Corp
EPC,Edgewell Personal Care
EPM,Evolution Petroleum Corp
EPRT,Essential Properties Realty Trust Inc
EQBK,Equity Bncsrs Cm A
EQC,Equity Commonwealth
ERAS,Erasca Inc
ERII,Energy Recovery Inc
ESCA,Escalade Inc
ESE,Esco Technologies Inc
ESGR,Enstar Group Ltd
ESNT,Essent Group Ltd
ESPR,Esperion Theraptc
ESQ,Esquire Financial Holdings Inc
ESRT,Empire State Realty Trust Inc
ESSA,Essa Bancorp Inc
ETD,Ethan Allen Interiors Inc
ETNB,89Bio Inc
ETRN,Equitrans Midstream Corp
ETWO,E2Open Parent Hldg
EU,Encore Energy Corp
EVC,Entravision Communications Corp
EVCM,Evercommerce Inc
EVER,Everquote Inc Cl A
EVEX,Eve Holding Inc
EVGO,Evgo Inc
EVH,Evolent Health Inc Cl A Com
EVI,Evi Industries Inc
EVLV,Evolv Technologies Hldgs Inc
EVRI,Everi Holdings Inc
EVTC,Evertec Inc
EWCZ,European Wax Center Cl A
EWTX,Edgewise Therapeutics Inc
EXLS,Exlservice Holdings
EXPI,Exp Realty International
EXPO,Exponent Inc
EXTR,Extreme Networks
EYE,National Vision Holdings Inc
EYPT,Eyepoint Pharmaceuticals Inc
FA,First Advantage Corp
FARO,Faro Tech Inc
FATE,Fate Therapeutics
FBIZ,First Business Finan
FBK,Fb Financial Corp
FBLG,Fibrobiologics Inc
FBMS,First Bancshs [Ms]
FBNC,First Bancorp [Nc]
FBP,First Bancorp
FBRT,Franklin Bsp Realty Trust Inc
FC,Franklin Covey Company
FCBC,First Community Bksh
FCEL,Fuelcell Energy Inc
FCF,First Commonwealth Financial Corp
FCFS,Firstcash Holdings Inc
FCPT,Four Corners Property Trust IN
FDBC,Fidelity D & D Bancorp Inc
FDMT,4D Molecular Therapeutics Inc
FDP,Fresh Del Monte Produce
FEAM,5E Advanced Materials Inc
FELE,Franklin Electric Company
FENC,Fennec Pharmaceuticals Inc
FET,Forum Energy Technologies Inc
FF,Futurefuel Corp
FFBC,First Finl Bncp [Oh]
FFIC,Flushing Finl Corp
FFIN,First Finl Bkshs Inc
FFNW,First Financial Nort
FFWM,First Foundation
FG,F&G Annuities & Life Inc
FHTX,Foghorn Therapeutics Inc
FIBK,First Interstate Ban
FIGS,Figs Inc Cl A
FIHL,Fidelis Insurance Holdings Limited
FIP,Ftai Infrastructure Inc
FISI,Financial Institut
FIZZ,Natl Beverage Corp
FL,Footlocker Inc
FLGT,Fulgent Genetics Inc
FLIC,First of Long Isla
FLL,Full House Rsts
FLNC,Fluence Energy Inc Cl A
FLNG,Flex Lng Ltd
FLR,Fluor Corp
FLWS,1-800-Flowers.com
FLXS,Flexsteel Inds
FLYW,Flywire Corp Voting
FMAO,Farmers & Merch Banc
FMBH,First Mid Ill Bncshr
FMNB,Farmers Natl Banc Corp
FN,Fabrinet
FNA,Paragon 28 Inc
FNKO,Funko Inc Cl A
FNLC,First Bancorp Inc
FOLD,Amicus Therapeutics
FOR,Forestar Group Inc
FORM,Formfactor Inc
FORR,Forrester Resrch
FOXF,Fox Factory Corp
FPI,Farmland Partners Inc
FRBA,First Bank
FREE,Whole Earth Brands Inc
FREY,Freyr Battery Inc
FRGE,Forge Global Hldgs Inc
FRME,First Merchants Corp
FRPH,Frp Holdings Inc
FRSH,Freshworks Inc Cl A
FRST,Primis Financial Corp
FSBC,Five Star Bancorp
FSBW,FS Bancorp Inc
FSLY,Fastly Inc
FSP,Franklin Street Properties
FSS,Federal Signal Corp
FSTR,Foster L B Company
FTAI,Ftai Aviation Ltd
FTDR,Frontdoor Inc
FUBO,Fubotv Inc
FUL,H. B. Fuller Company
FULC,Fulcrum Therapeutics Inc
FULT,Fulton Financial Cor
FVCB,Fvcbankcorp Inc
FWRD,Foward Air Corp
FWRG,First Watch Restaurant Group Inc
GABC,German Amer Bncp Inc
GALT,Galectin Therapeutic
GAMB,Gambling.com Group Ltd
GATX,GATX Corp
GBCI,Glacier Bancorp Inc
GBIO,Generation Bio Co.
GBTG,Global Business Travel Group Inc
GBX,Greenbrier Companies
GCBC,Greene County Bncp
GCI,Gannett Inc
GCMG,Gcm Grosvenor Inc
GCO,Genesco Inc
GCT,Gigacloud Technology Inc Cl A
GCTS,Gct Semiconductor Holding Inc
GDEN,Golden Entmt
GDOT,Green Dot Corp
GDYN,Grid Dynamics Holdings Inc
GEF,Greif Bros Corp
GEF.B,Greif Bros Corp Cl B
GENC,Gencor Industries IN
GEO,Geo Group Inc
GEOS,Geospace Technologie
GERN,Geron Corp
GETY,Getty Images Holdings Inc Cl A
GFF,Griffon Corp
GH,Guardant Health Inc
GHC,Graham Holdings Company
GHM,Graham Corp
GIC,Global Industrial Co.
GIII,G-III Apparel Gp
GKOS,Glaukos Corp
GLDD,Great Lakes Drg Dock
GLNG,Golar Lng Ltd
GLRE,Greenlight Cap. Re.
GLSI,Greenwich Lifesciences Inc
GLT,Glatfelter
GLUE,Monte Rosa Therapeutics Inc
GMGI,Golden Matrix Group Inc
GMRE,Global Medical REIT Inc
GMS,Gms Inc
GNE,Genie Energy Ltd Cl B
GNK,Genco Shipping & Trading Ltd
GNL,Global Net Lease Inc
GNLX,Genelux Corp
GNTY,Guaranty Bancshares Inc
GNW,Genworth Financial Inc
GOCO,Gohealth Inc Cl A
GOEV,Canoo Inc
GOGL,Golden Ocean Gp
GOGO,Gogo Inc
GOLF,Acushnet Holdings Corp
GOOD,Gladstone Comml
GPI,Group 1 Automotive
GPMT,Granite Point Mortgage Trust Inc
GPOR,Gulfport Energy Corp
GPRE,Green Plains Inc
GPRO,Gopro Inc Cl A
GRBK,Green Brick Partners
GRC,Gorman-Rupp Company
GRND,Grindr Inc
GRNT,Granite Ridge Resources Inc
GRPN,Groupon Cl A
GRWG,Growgeneration Corp
GSAT,Globalstar
GSBC,Great Southern Bncp
GSHD,Goosehead Insurance Inc Cl A
GT,Goodyear Tire Rubber
GTHX,G1 Therapeutics Inc
GTLS,Chart Industries IN
GTN,Gray Television
GTY,Getty Realty Corp
GUTS,Fractyl Health Inc
GVA,Granite Construction Incorporated
GWRS,Global Water Reso
GYRE,Gyre Therapeutics Inc
HA,Hawaiian Hlds Inc
HAE,Haemonetics Corp
HAFC,Hanmi Financial Corp
HAIN,Hain Celestial Group
HALO,Halozyme Therapeutic
HASI,Ha Sustainable Infrastructure Capital Inc
HAYN,Haynes Intl Inc
HBB,Hamilton Beach Brands Holding Cl A
HBCP,Home Bancorp Inc
HBI,Hanesbrands Inc
HBIO,Harvard Bioscience
HBNC,Horizon Bancorp
HBT,Hbt Financial Inc
HCAT,Health Catalyst Inc
HCC,Warrior Met Coal Inc
HCI,Homeowners Choice
HCKT,Hackett Grp Inc
HCSG,Healthcare Svcs Gp
HDSN,Hudson Tech Inc
HE,Hawaiian Electric Industries
HEAR,Turtle Beach Corp
HEES,H&E Equip Services
HELE,Helen of Troy Ltd
HFFG,HF Foods Group Inc
HFWA,Heritage Financial
HG,Hamilton Insurance Group Ltd Cl B
HGV,Hilton Grand Vacations Inc
HI,Hillenbrand Inc
HIBB,Hibbett Inc
HIFS,Hingham Inst For Svg
HIMS,Hims & Hers Health Inc
HIPO,Hippo Holdings Inc
HL,Hecla Mining Company
HLF,Herbalife Ltd
HLIO,Helios Technologies Inc
HLIT,Harmonic Inc
HLLY,Holley Inc
HLMN,Hillman Solutions Corp
HLNE,Hamilton Lane Inc Cl A
HLVX,Hillevax Inc
HLX,Helix Energy Solutions Group
HMN,Horace Mann Educators Corp
HMST,Homestreet Inc
HNI,Hon Industries Inc
HNRG,Hallador Energy Company
HNST,The Honest Company
HOFT,Hooker Furnishings Corp
HOMB,Home Bancshares Inc
HONE,Harborone Bancorp Inc
HOPE,Hope Bancorp Inc
HOUS,Anywhere Real Estate Inc
HOV,Hovnanian Enterprises Inc
HOWL,Werewolf Therapeutics Inc
HP,Helmerich & Payne
HPK,Highpeak Energy Inc
HPP,Hudson Pacific Properties
HQI,Hirequest Inc
HQY,Healthequity
HRI,Herc Holdings Inc
HRMY,Harmony Biosciences Holdings Inc
HROW,Harrow Inc
HRTG,Heritage Insurance Holdings
HRTX,Heron Therapeutics
HSHP,Himalaya Shipping Ltd
HSII,Heidrick & Struggl
HSTM,Healthstream Inc
HTBI,Hometrust Bancshares
HTBK,Heritage Commerce
HTH,Hilltop Holdings Inc
HTLD,Heartland Express
HTLF,Heartland Finl USA
HTZ,Hertz Global Holdings Inc
HUBG,Hub Group Inc A
HUMA,Humacyte Inc
HURN,Huron Consulting
HUT,Hut 8 Corp
HVT,Haverty Furniture Companies
HWC,Hancock Whitney Corp
HWKN,Hawkins Inc
HY,Hyster-Yale Inc
HYLN,Hyliion Hldg Corp Cl A
HZO,Marinemax Inc
IART,Integra Lifesciences
IAS,Integral Ad Science Holding Corp
IAUX,I-80 Gold Corp
IBCP,Independent Bank Corp
IBEX,Ibex Ltd
IBOC,Intl Bancshares
IBP,Installed Building Products
IBRX,Immunitybio Inc
IBTA,Ibotta Inc Cl A
IBTX,Independent Bank Group
ICFI,Icf International
ICHR,Ichor Holdings Ltd
ICUI,I C U Medical Inc
IDCC,Interdigital Inc
IDT,IDT Corp
IDYA,Ideaya Biosciences Inc
IE,Ivanhoe Electric Inc
IESC,Ies Holdings
IGMS,Igm Biosciences Inc
IGT,International Game Technology
IHRT,Iheartmedia Inc
III,Information Svcs Group
IIIN,Insteel Industries
IIIV,I3 Verticals Inc Cl A
IIPR,Innovative Industrial Properties
ILPT,Industrial Logistics Properties Trust
IMAX,Imax Corp
IMKTA,Ingles Markets Inc
IMMR,Immersion Corp
IMNM,Immunome Inc
IMRX,Immuneering Corp Cl A
IMVT,Immunovant Inc
IMXI,International Money Express Inc
INBK,First Internet Bcp
INBX,Inhibrx Biosciences Inc
INDB,Independent Bk Corp
INDI,Indie Semiconductor Cl A
INFN,Infinera Corp
INFU,Infusystems Holdings
INGN,Inogen Inc
INMB,Inmune Bio Inc
INMD,Inmode Ltd
INN,Summit Hotel Properties
INNV,Innovage Holding Corp
INO,Inovio Pharma
INOD,Innodata Inc
INSE,Inspired Entertainment Inc
INSM,Insmed Inc
INST,Instructure Holdings Inc
INSW,International Seaways Inc
INTA,Intapp Inc
INVA,Innoviva Inc
INZY,Inozyme Pharma Inc
IONQ,Ionq Inc
IOSP,Innospec Inc
IOVA,Iovance Biotherapeutics Inc
IPAR,Inter Parfums Inc
IPI,Intrepid Potash Inc
IPSC,Century Therapeutics Inc
IRBT,Irobot Corp
IRMD,Iradimed Corp
IRON,Disc Medicine Inc
IRT,Independence Realty Trust Inc
IRTC,Irhythm Technologies Inc
IRWD,Ironwood Pharmaceuti
ISPR,Ispire Technology Inc
ISTR,Investar Holding
ITGR,Integer Holdings Corp
ITI,Iteris Inc
ITIC,Investors Title Company
ITOS,Iteos Therapeutics Inc
ITRI,Itron Inc
IVR,Invesco Mortgage Capital Inc
IVT,Inventrust Pptys Corp
IVVD,Invivyd Inc
JACK,Jack IN The Box Inc
JAKK,Jakks Pacific Inc
JAMF,Jamf Holding Corp
JANX,Janux Therapeutics Inc
JBGS,Jbg Smith Properties
JBI,Janus International Group Inc
JBLU,Jetblue Airways Corp
JBSS,John B Sanfilippo
JBT,John Bean Technologies Corp
JELD,Jeld-Wen Holding Inc
JILL,J. Jill Inc
JJSF,J J Snack Foods
JMSB,John Marshall Bk Fal
JOBY,Joby Aviation Inc
JOE,St. Joe Company
JOUT,Johnson Outdoors
JRVR,James River Gp HD
JSPR,Jasper Therapeutics Inc.
JXN,Jackson Financial Inc Cl A
JYNT,The Joint Corp
KAI,Kadant Inc
KALU,Kaiser Aluminum
KALV,Kalvista Pharmaceuticals Inc
KAR,Openlane Inc
KBH,KB Home
KE,Kimball Electrnc
KELYA,Kelly Svcs Cl A
KFRC,Kforce Inc
KFS,Kingsway Financial Services
KFY,Korn/Ferry International
KGS,Kodiak Gas Services Inc
KIDS,Orthopediatrics Corp
KIND,Nextdoor Holdings Inc.
KLG,Wk Kellogg CO
KLIC,Kulicke and Soffa
KLTR,Kaltura Inc
KMT,Kennametal Inc
KN,Knowles Corp
KNF,Knife River Holding CO
KNSA,Kiniksa Pharmaceuticals International Plc
KNTK,Kinetik Holdings Inc
KOD,Kodiak Sciences Inc
KODK,Eastman Kodak
KOP,Koppers Holdings Inc
KOS,Kosmos Energy Ltd
KPTI,Karyopharm Therapeut
KREF,KKR Real Estate Finance Trust Inc
KRG,Kite Realty Group Trust
KRNY,Kearny Financial
KRO,Kronos Worldwide Inc
KROS,Keros Therapeutics Inc
KRRO,Korro Bio Inc
KRT,Karat Packaging Inc
KRUS,Kura Sushi USA Inc Cl A
KRYS,Krystal Biotech Inc
KTB,Kontoor Brands Inc
KTOS,Kratos Defns
KURA,Kura Oncology
KW,Kennedy-Wilson Holdings Inc
KWR,Quaker Chemical Corp
KYMR,Kymera Therapeutics Inc
KYTX,Kyverna Therapeutics Inc
LAB,Standard Biotools Inc
LADR,Ladder Capital Corp
LANC,Lancaster Colony Cor
LAND,Gladstone Land Corp
LASR,Nlight Inc
LAUR,Laureate Education Inc
LAW,CS Disco Inc
LAZR,Luminar Technologies Inc
LBPH,Longboard Pharmaceuticals Inc
LBRT,Liberty Energy Inc
LC,Lendingclub Corp
LCII,Lci Industries
LCNB,Lcnb Corp
LCTX,Lineage Cell Therapeutics Inc
LCUT,Lifetime Brands Inc
LE,Lands' End Inc
LEGH,Legacy Housing Corp
LENZ,Lenz Therapeutics Inc
LESL,Leslie's Inc
LEU,Centrus Energy Corp
LFCR,Lifecore Biomedical Inc
LFMD,Lifemd Inc
LFST,Lifestance Health Group Inc
LGF.A,Lions Gate Entertainment Corp Cl A
LGF.B,Lions Gate Entertainment Corp Cl B
LGIH,LGI Homes Inc
LGND,Ligand Pharm
LICY,Li-Cycle Holdings Corp
LILA,Liberty Latin America Cl A
LILAK,Liberty Latin America Cl C
LINC,Lincoln Educational
LIND,Lindblad Expd Holdings
LIVN,Livanova Plc OR Sh
LKFN,Lakeland Finl Corp
LLAP,Terran Orbital Corp
LMAT,Lemaitre Vascular
LMB,Limbach Holdings Inc
LMND,Lemonade Inc
LMNR,Limoneira Company
LNKB,Linkbancorp Inc
LNN,Lindsay Corp
LNTH,Lantheus Holdings
LNZA,Lanzatech Global Inc
LOB,Live Oak Bancsh
LOCO,El Pollo Loco
LOVE,The Lovesac Company
LPG,Dorian Lpg Ltd
LPRO,Open Lending Corp Cl A
LPTV,Loop Media Inc
LQDA,Liquidia Corp
LQDT,Liquidity Services
LRMR,Larimar Therapeutics Inc
LRN,Stride Inc
LSEA,Landsea Homes Corp
LTC,Ltc Properties
LTH,Life Time Group Holdings Inc
LUMN,Lumen Technologies Inc
LUNG,Pulmonx Corp
LUNR,Intuitive Machines Inc
LVO,Liveone Inc
LVWR,Livewire Group Inc
LWAY,Lifeway Foods Inc
LWLG,Lightwave Logic Inc
LXEO,Lexeo Therapeutics Inc
LXFR,Luxfer Holdings Plc
LXP,Lxp Industrial Trust
LXRX,Lexicon Pharmaceutcl
LXU,Lsb Industries Inc
LYEL,Lyell Immunopharma Inc
LYRA,Lyra Therapeutics Inc
LYTS,L S I Industries
LZ,Legalzoom.com Inc
LZB,La-Z-Boy Inc
LZM,Lifezone Metals Limited
MAC,Macerich Company
MAMA,Mama's Creations Inc
MAPS,Wm Technology Inc
MARA,Marathon Digital Hldgs Inc
MASS,908 Devices Inc
MATV,Mativ Holdings Inc
MATW,Matthews Intl Corp
MATX,Matson Inc
MAX,Mediaalpha Inc Cl A
MBC,Masterbrand Inc
MBCN,Middlefield Banc
MBI,MBIA Inc
MBIN,Merchants Bancorp
MBUU,Malibu Boats Inc
MBWM,Mercantile Bank Corp
MC,Moelis
MCB,Metropolitan Bank Holding Corp
MCBC,Macatawa Bank Corp
MCBS,Metrocity Bankshares Inc
MCFT,Mastercraft Boat Holdings Inc
MCRI,Monarch Casino
MCS,Marcus Corp
MCW,Mister Car Wash Inc
MCY,Mercury General Corp
MD,Pediatrix Medical Group Inc
MDGL,Madrigal Pharmaceuticals Inc
MDWD,Mediwound Ltd Ord Sh
MDXG,Mimedx Group Inc
MEC,Mayville Engineering Company
MED,Medifast Inc
MEG,Montrose Environmental Group Inc
MEI,Methode Electronics
METCB,Ramaco Resources Inc Cl B
MFA,MFA Financial Inc
MFIN,Medallion Fin Corp
MG,Mistras Group Inc
MGEE,Mge Energy Inc
MGNI,Magnite Inc
MGNX,Macrogenics
MGPI,MGP Ingredients Inc
MGRC,Mcgrath Rentcorp
MGTX,Meiragtx Holdings Plc
MGX,Metagenomi Inc
MGY,Magnolia Oil & Gas Corp
MHLD,Maiden Holdings Ltd
MHO,M/I Homes
MIR,Mirion Technologies Inc
MIRM,Mirum Pharmaceuticals Inc
MITK,Mitek Systems Inc
MITT,Ag Mortgage Investment Trust
MKTW,Marketwise Inc
ML,Moneylion Inc
MLAB,Mesa Labs Inc
MLI,Mueller Industries
MLKN,Millerknoll Inc
MLNK,Meridianlink Inc
MLP,Maui Land & Pineapple Company
MLR,Miller Industries
MLYS,Mineralys Therapeutics Inc
MMI,Marcus & Millichap
MMS,Maximus Inc
MMSI,Merit Medical Sys
MNKD,Mannkind Corp
MNMD,Mind Medicine Mindmed Inc
MNRO,Monro Muffler Brak
MNTK,Montauk Renewables Inc
MOD,Modine Manufacturing Company
MODG,Topgolf Callaway Brands Corp
MODV,Modivcare Inc
MOFG,Midwestone Fnl Gp
MOG.A,Moog Inc Cl A
MOND,Mondee Holdings Cl A
MORF,Morphic Holding Inc
MOV,Movado Group Inc
MPB,Mid Penn Bancorp Inc
MPX,Marine Products Corp
MQ,Marqeta Inc Cl A
MRAM,Everspin Technologies Inc
MRC,Mrc Global Inc
MRCY,Mercury Sys Inc
MRSN,Mersana Therapeutics Inc
MRTN,Marten Transport L
MRVI,Maravai Lifesciences Holdings Inc Cl A
MSBI,Midland Sts BNC
MSEX,Middlesex Water Company
MSGE,Madison Square Garden Entmt Corp
MTAL,Metals Acquisition Corp Cl A
MTH,Meritage Corp
MTRN,Materion Corp
MTRX,Matrix Service Company
MTTR,Matterport Inc
MTUS,Metallus Inc
MTW,Manitowoc Company
MTX,Minerals Technologies Inc
MUR,Murphy Oil Corp
MVBF,Mvb Financial Corp
MVIS,Microvision
MVST,Microvast Hldgs Inc
MWA,Mueller Water Products
MXCT,Maxcyte Inc
MXL,Maxlinear Inc
MYE,Myers Industries
MYFW,First Western Financial Inc
MYGN,Myriad Genetics Inc
MYPS,Playstudios Inc
MYRG,MYR Group Inc
NABL,N-Able Inc
NAPA,The Duckhorn Portfolio Inc
NARI,Inari Medical Inc
NAT,Nordic American Tanker Shipping Ltd
NATH,Nathan's Famous IN
NATL,NCR Atleos Corporation
NATR,Nature S Sunshine
NAUT,Nautilus Biotechnology Inc
NAVI,Navient Corp
NBBK,Nb Bancorp Inc
NBHC,National Bank Holdings Corp
NBN,Northeast Bncp
NBR,Nabors Industries
NBTB,NBT Bancorp Inc
NC,Nacco Industries
NCMI,National Cinemedia
NE,Noble Corp Plc
NECB,Northeast Community Bancorp
NEO,Neogenomics Inc
NEOG,Neogen Corp
NEWT,Newtekone Inc
NEXT,Nextdecade Corp
NFBK,Northfield Bncrp Del
NG,Novagold Resources Inc
NGNE,Neurogene Inc
NGS,Natural Gas Services Group
NGVC,Natural Grocers By Vitamin Cottage Inc
NGVT,Ingevity Corp
NHC,National Healthcare Corp
NHI,National Health Investors
NIC,Nicolet Bankshares Inc
NJR,Newjersey Resources Corp
NKSH,Natl Bankshares Inc
NKTR,Nektar Therapeutics
NKTX,Nkarta Inc
NL,NL Industries
NLOP,Net Lease Office Properties
NMIH,Nmi Holdings Inc
NMRA,Neumora Therapeutics Inc
NMRK,Newmark Group Inc Cl A
NN,Nextnav Inc
NNBR,NN Inc
NNI,Nelnet Inc
NNOX,Nano-X Imaging Ltd
NODK,Ni Holdings Inc
NOG,Northern Oil and Gas
NOTE,Fiscalnote Hldgs Inc
NOVA,Sunnova Energy International
NOVT,Novanta Inc
NPCE,Neuropace Inc
NPK,National Presto Industries
NPO,Enpro Inc
NPWR,Net Power Inc.
NR,Newpark Resources
NRC,National Research Corp
NRDS,Nerdwallet Inc Cl A
NRDY,Nerdy Inc
NREF,Nexpoint Real Estate Finance Inc
NRGV,Energy Vault Hldgs Inc
NRIM,Northrim Bancorp Inc
NRIX,Nurix Therapeutics Inc
NSIT,Insight Enterpr
NSP,Insperity Inc
NSSC,Napco Sec Tech Inc
NTB,Bank of Butterfield Ltd
NTCT,Netscout Systems
NTGR,Netgear Inc
NTIC,Northern Technologies Intl Corp
NTLA,Intellia Thera CS
NTST,Netstreit Corp
NUS,Nu Skin Enterprises
NUVB,Nuvation Bio Inc
NUVL,Nuvalent Inc Cl A
NVAX,Novavax Inc
NVCR,Novocure Ltd Ord Sh
NVCT,Nuvectis Pharma Inc
NVEC,Nve Corp
NVEE,Nv5 Global
NVRI,Enviri Corporation
NVRO,Nevro Corp
NVTS,Navitas Semiconductor Corp
NWBI,Northwest Bancshares
NWE,Northwestern Energy Group Inc
NWFL,Norwood Financial Corp
NWN,Northwest Natural Gas Company
NWPX,Northwest Pipe Company
NX,Quanex Building Products Corp
NXDT,Nexpoint Diversified Real Estate Trust
NXRT,Nexpoint Residential Trust Inc
NXT,Nextracker Inc Cl A
NYCB,New York Community Bancorp
NYMT,New York Mtge Trust
OABI,Omniab Inc
OB,Outbrain Inc
OBIO,Orchestra Biomed Hldgs Inc
OBK,Origin Bancorp Inc
OBT,Orange County Bancor
OCEA,Ocean Biomedical Inc
OCFC,Oceanfirst Financial Corp
OCGN,Ocugen Inc
OCUL,Ocular Therapeut
ODC,Oil-Dri Corp of America
ODP,Office Depot
OEC,Orion S.A.
OFG,OFG Bancorp
OFIX,Orthofix Intl NV
OFLX,Omega Flex Inc
OGS,One Gas Inc
OI,O-I Glass Inc
OII,Oceaneering International
OIS,Oil States International
OLMA,Olema Pharmaceuticals Inc
OLO,Olo Inc Cl A
OLP,One Liberty Properties
OLPX,Olaplex Holdings Inc
OMCL,Omnicell Inc
OMER,Omeros Corp
OMGA,Omega Therapeutics Inc
OMI,Owens & Minor
ONB,Old National Bncp
ONEW,Onewater Marine Inc Cl A
ONIT,Onity Group Inc
ONL,Orion Office REIT Inc
ONTF,On24 Inc
OOMA,Ooma Inc
OPAD,Offerpad Solutions Inc
OPCH,Option Care Health Inc
OPEN,Opendoor Technologies Inc
OPFI,Oppfi Inc
OPK,Opko Health Inc
OPRX,Optimizerx Corp
ORA,Ormat Technologies
ORC,Orchid Island Capital Inc
ORGN,Origin Materials Inc
ORGO,Organogenesis Holdings Inc
ORIC,Oric Pharmaceuticals Inc
ORN,Orion Group Holdings Inc
ORRF,Orrstown Finl Svcs
OSBC,Old Second Bancorp
OSCR,Oscar Health Inc Cl A
OSIS,O S I Systems Inc
OSPN,Onespan Inc
OSUR,Orasure Tech Inc
OSW,Onespaworld Holdings Ltd
OTLK,Outlook Therapeutics Inc
OTTR,Otter Tail Corp
OUST,Ouster Inc
OUT,Outfront Media Inc
OVID,Ovid Therapeutics Inc
OVLY,Oak Valley Bancp CA
OXM,Oxford Industries
PACB,Pacific Biosciences
PACK,Ranpak Holdings Corp
PACS,Pacs Group Inc
PAGS,Pagseguro Digital Ltd Cl A
PAHC,Phibro Anl Htlh A
PANL,Pangaea Logistics So
PAR,Par Technology Corp
PARR,Par Pacific Holdings Inc
PATK,Patrick Inds Inc
PAX,Patria Investments Ltd Cl A
PAYO,Payoneer Global Inc
PAYS,Paysign Inc
PBF,PBF Energy Inc
PBFS,Pioneer Bancorp Inc
PBH,Prestige Brand Holdings
PBI,Pitney Bowes Inc
PBPB,Potbelly Corp
PBYI,Puma Biotechnology
PCB,Pcb Bancorp
PCH,Potlatch Corp
PCRX,Pacira Pharm Inc
PCT,Purecycle Technologies Inc
PCVX,Vaxcyte Inc
PCYO,Pure Cycle Corp
PD,Pagerduty Inc
PDCO,Patterson Companies
PDFS,Pdf Solutions Inc
PDLB,Ponce Financial Group Inc
PDM,Piedmont Office Realty Trust
PEB,Pebblebrook Hotel Trust
PEBK,Peoples Bancorp NC
PEBO,Peoples Bancorp Inc
PECO,Phillips Edison & Company Inc
PEPG,Pepgen Inc
PESI,Perma-Fix Envir
PETQ,Petiq Inc Cl A
PFBC,Preferred Bank LA
PFC,Premier Financial Corp
PFIS,Peoples Finl Svcs Company
PFMT,Performant Financial
PFS,Provident Financial Services
PFSI,Pennymac Financial Services IN
PGC,Peapack Gladstone FI
PGEN,Precigen Inc
PGNY,Progyny Inc
PGRE,Paramount Group Inc
PGY,Pagaya Technologies Ltd Cl A
PHAT,Phathom Pharmaceuticals Inc
PHIN,Borgwarner Inc
PHR,Phreesia Inc
PI,Impinj Inc
PINE,Alpine Income Property Trust Inc
PIPR,Piper Jaffray Companies
PJT,Pjt Partners Inc Cl A
PKBK,Parke Bancorp Inc
PKE,Park Electrochemical Corp
PKOH,Park Ohio Holdings Corp
PKST,Peakstone Realty Trust
PL,Planet Labs Pbc
PLAB,Photronics Inc
PLAY,Dave & Buster's Entertainment
PLBC,Plumas Bancorp
PLL,Piedmont Lithium Inc ADR
PLMR,Palomar Holdings Inc
PLOW,Douglas Dynamics
PLPC,Preformed Line Prd
PLRX,Pliant Therapeutics Inc
PLSE,Pulse Biosciences CS
PLUG,Plug Power Inc
PLUS,Eplus Inc
PLX,Protalix Biotherapeutics
PLXS,Plexus Corp
PLYM,Plymouth Industrial REIT Inc
PMT,Pennymac Mortgage Investment Trust
PMTS,CPI Card Group
PNM,PNM Resources Inc
PNRG,Primeenergy Corp
PNTG,The Pennant Group Inc
POR,Portland General Electric Company
POWI,Power Integratn
POWL,Powell Inds Inc
POWW,Ammo Inc
PPBI,Pacific Premier Bncp
PPTA,Perpetua Resources Corp
PRA,Pro-Assurance Corp
PRAA,Pra Group Inc
PRAX,Praxis Precision Medicines Inc
PRCH,Porch Group Inc
PRCT,Procept Biorobotics Corp
PRDO,Perdoceo Education Corp
PRFT,Perficient Inc
PRG,Prog Hldgs Inc
PRGS,Progress Software
PRIM,Primoris Services Corp
PRK,Park National Corp
PRKS,United Parks & Resorts Inc
PRLB,Proto Labs Inc
PRLD,Prelude Therapeutics Inc
PRM,Perimeter Solutions Sa
PRME,Prime Medicine Inc
PRMW,Primo Water Corp
PRO,Pros Holdings
PROK,Prokidney Corp
PROP,Prairie Operating CO
PRPL,Purple Innovation Inc
PRTA,Prothena Corp
PRTH,Priority Techno Holdings Inc
PRTS,U.S. Auto Parts Netw
PRVA,Privia Health Group Inc
PSFE,Paysafe Ltd
PSMT,Pricesmart Inc
PSTL,Postal Realty Trust Cl A
PSTX,Poseida Therapeutics Inc
PTCT,Ptc Therapeutics
PTEN,Patterson-Uti Energy
PTGX,Protagonist Therapeutics Inc
PTLO,Portillo's Inc
PTON,Peloton Interactive Inc
PTSI,P A M Transport Sv
PTVE,Pactiv Evergreen Inc
PUBM,Pubmatic Inc Cl A
PUMP,Propetro Holding Corp
PVBC,Provident Bancorp CS
PWP,Perella Weinberg Partners
PWSC,Powerschool Holdings Inc Cl A
PX,P10 Inc Cl A
PYXS,Pyxis Oncology Inc
PZZA,Papa John's Intl
QBTS,D-Wave Quantum Inc
QCRH,Qcr Holdings Inc
QIPT,Quipt Home Medical Corp
QLYS,Qualys Inc
QNST,Quinstreet Inc
QRHC,Quest Resource
QSI,Quantum-Si Inc
QTRX,Quanterix Corp
QTTB,Q32 Bio Inc
QTWO,Q2 Holdings Inc
QUAD,Quad Graphics Inc
QUIK,Quicklogic Corp
RAMP,Liveramp Holdings Inc
RAPT,Rapt Therapeutics Inc
RBB,Rbb Bancorp
RBBN,Ribbon Communications Inc
RBCAA,Republic Bancorp Inc
RC,Ready Capital Corp
RCEL,Avita Medical Inc
RCKT,Rocket Pharmaceuticals Inc
RCKY,Rocky Brands Inc
RCUS,Arcus Biosciences Inc
RDFN,Redfin Corp
RDN,Radian Group Inc
RDNT,Radnet Inc
RDUS,Radius Recycling Inc
RDVT,Red Violet Inc
RDW,Redwire Corp
RDZN,Roadzen Inc
REAL,The Realreal Inc
REAX,Real Brokerage Inc
REFI,Chicago Atlantic Real Estate Finance Inc
REI,Ring Energy Inc
REKR,Rekor Systems Inc
RELL,Richardson Electrncs
RELY,Remitly Global Inc
RENB,Renovaro Inc
RENT,Rent The Runway Inc Cl A
REPL,Replimune Group Inc
REPX,Riley Exploration Permian Inc
RES,RPC Inc
REVG,Rev Group Inc
REX,Rex American Resources Corp
REZI,Resideo Technologies Inc
RGCO,Rgc Resources Inc
RGLS,Regulus Therapeutics
RGNX,Regenxbio Inc
RGP,Resources Connection Inc
RGR,Sturm Ruger & Company
RGTI,Rigetti Computing Inc
RHP,Ryman Hospitality Properties REIT
RICK,RCI Hospitality Hold
RIG,Transocean Inc
RIGL,Rigel Pharmaceuticals
RILY,B. Riley Financl
RIOT,Riot Platforms Inc
RKLB,Rocket Lab USA Inc
RLAY,Relay Therapeutics Inc
RLGT,Radiant Logistics
RLJ,Rlj Lodging Trust
RLYB,Rallybio Corporaton
RM,Regional Managment Corp
RMAX,Re/Max Holdings Inc
RMBL,Rumbleon Inc
RMBS,Rambus Inc
RMNI,Rimini Street Inc
RMR,The Rmr Grp A
RNA,Avidity Biosciences Inc
RNAC,Cartesian Therapeutics Inc
RNGR,Ranger Energy Services Inc Cl A
RNST,Renasant Corp
ROAD,Construction Partners Inc Cl A
ROCK,Gibraltar Ind Inc
ROG,Rogers Corp
ROIC,Retail Opp Invts Corp
ROOT,Root Inc
RPAY,Repay Holdings Corp Cl A
RPD,Rapid7 Inc
RPHM,Reneo Pharmaceuticals Inc
RRBI,Red River Bancshares Inc
RRR,Red Rock Resorts Inc
RSI,Rush Street Interactive Inc
RSVR,Reservoir Media Inc
RUN,Sunrun Inc
RUSHA,Rush Enterprises  Cl A
RUSHB,Rush Enterprises  Cl B
RVLV,Revolve Group Inc
RVMD,Revolution Medicines Inc
RVNC,Revance Therapeutics
RWT,Redwood Trust
RXO,Rxo Inc
RXRX,Recursion Pharmaceuticals Inc Cl A
RXST,Rxsight Inc
RXT,Rackspace Technology Inc
RYAM,Rayonier Advanced Materials Inc
RYI,Ryerson Holding Corp
RYTM,Rhythm Pharmaceuticals Inc
SABR,Sabre Corp
SAFE,Safehold Inc
SAFT,Safety Ins Group Inc
SAGE,Sage Therapeutic Com
SAH,Sonic Automotive
SAMG,Silvercrest Ast Cm A
SANA,Sana Biotechnology Inc
SANM,Sanmina Corp
SASR,Sandy Spring Bancorp
SATS,Echostar Corp
SAVA,Cassava Sciences Inc
SAVE,Spirit Airlines Inc
SB,Safe Bulkers Inc
SBCF,Seacoast Banking Corp
SBGI,Sinclair Inc
SBH,Sally Beauty Holdings
SBOW,Silverbow Resources Inc
SBRA,Sabra REIT
SBSI,Southside Bancshares
SBT,Sterling Bancorp Inc [Southfield Mi]
SCHL,Scholastic Corp
SCL,Stepan Company
SCLX,Scilex Holding Co.
SCPH,SC Pharmaceuticals Inc
SCS,Steelcase Inc
SCSC,Scansource Inc
SCVL,Shoe Carnival Inc
SCWO,374Water Inc
SD,Sandridge Energy Inc
SDGR,Schrodinger Inc
SDRL,Seadrill 2021 Ltd
SEAT,Vivid Seats Inc Cl A
SEM,Select Medical Holdings Corp
SEMR,Semrush Holdings Inc Cl A
SENEA,Seneca Foods Corp A
SERA,Sera Prognostics Inc Cl A
SES,Ses Ai Corp
SEVN,Seven Hills Realty Trust
SEZL,Sezzle Inc
SFBS,Servisfirst Bancs
SFIX,Stitch Fix Inc
SFL,Ship Finance International
SFM,Sprouts Farmers Market
SFNC,Simmons First Natl
SFST,Southern First Bancs
SG,Sweetgreen Inc Cl A
SGC,Superior Uniform Group
SGH,Smart Global Holdings Inc
SGHC,Super Group [Sghc] Ltd
SGHT,Sight Sciences Inc
SGRY,Surgery Partners CS
SHAK,Shake Shack Inc
SHBI,Shore Bancshares Inc
SHEN,Shenandoah Telecom
SHLS,Shoals Technologies Group Cl A
SHO,Sunstone Hotel Investors
SHOO,Steven Maddens Ltd
SHYF,The Shyft Group Inc
SIBN,Si-Bone Inc
SIG,Signet Jewelers Ltd
SIGA,Siga Technologies Inc
SIGI,Selective Ins Group
SILK,Silk Road Medical Inc
SITC,Site Centers Corp
SITM,Sitime Corp
SJW,SJW Corp
SKIN,The Beauty Health Co.
SKT,Tanger Inc
SKWD,Skyward Specialty Insurance Group Inc
SKY,Skyline Corp
SKYE,Skye Bioscience Inc
SKYH,Sky Harbour Group Corp
SKYT,Skywater Technology Inc
SKYW,Skywest Inc
SKYX,Skyx Platforms Corp
SLAB,Silicon Labs Inc
SLCA,U.S. Silica Holdings Inc
SLDB,Solid Biosciences Inc
SLDP,Solid Power Inc Cl A
SLG,SL Green Realty Corp
SLND,Southland Holdings Inc
SLNO,Soleno Therapeutics Inc
SLP,Simulations Plus Inc
SLQT,Selectquote Inc
SLRN,Acelyrin Inc
SLVM,Sylvamo Corp
SM,Sm Energy Company
SMBC,Southern MO Bancorp
SMBK,Smartfinancial Inc
SMHI,Seacor Marine Holdings Inc
SMID,Smith-Midland Corp
SMLR,Semler Scientific
SMMT,Summit Therapeu ADR
SMP,Standard Motor Products
SMPL,The Simply Good Foods Company
SMR,Nuscale Power Corp
SMRT,Smartrent Inc
SMTC,Semtech Corp
SMTI,Sanara Medtech Inc
SNBR,Sleep Number Corp
SNCY,Sun Country Airlines Holdings Inc
SNDA,Sonida Senior Living Inc
SNDX,Syndax Pharma
SNEX,Stonex Group Inc
SOC,Sable Offshore Corp
SOI,Solaris Oilfield Infrastructure Inc Cl A
SONO,Sonos Inc
SOUN,Soundhound Ai Inc Cl A
SPCE,Virgin Galactic Holdings Inc
SPFI,South Plains Financial Inc
SPHR,Sphere Entertainment CO
SPIR,Spire Global Inc
SPNS,Sapiens Intl Corp NV
SPNT,Siriuspoint Ltd
SPOK,Spok Holdings Inc
SPRY,Ars Pharmaceuticals Inc
SPSC,Sps Commerce Inc
SPT,Sprout Social Inc Cl A
SPTN,Spartannash Company
SPWR,Sunpower Corp
SPXC,SPX Corp
SQSP,Squarespace Inc Cl A
SR,Spire Inc
SRCE,1st Source Corp
SRDX,Surmodics Inc
SRI,Stoneridge Inc
SRRK,Scholar Rock Holding Corp
SSB,Southstate Corp
SSBK,Southern States Bancshares Inc
SSP,E.W. Scripps Company
SSRM,Ssr Mining Inc
SST,System1 Inc
SSTI,Soundthinking Inc
SSTK,Shutterstock Inc
STAA,Staar Surgical Company
STBA,S&T Bancorp Inc
STC,Stewart Information Services Corp
STEL,Stellar Bancorp Inc
STEM,Stem Inc
STEP,Stepstone Group Inc Cl A
STER,Sterling Check Corp
STGW,Stagwell Inc
STHO,Star Holdings
STKL,Sunopta Inc
STKS,The One Group
STNE,Stoneco Ltd Cl A
STNG,Scorpio Tankers Inc
STOK,Stoke Therapeutics Inc
STR,Sitio Royalties Corp
STRA,Strayer Education
STRL,Sterling Infrastructure Inc
STRO,Sutro Biopharma Inc
STRS,Stratus Pptys Inc
STRW,Strawberry Fields REIT Inc
STTK,Shattuck Labs Inc
STXS,Stereotaxis Inc
SUM,Summit Materials Inc
SUPN,Supernus Pharm
SVC,Service Properties Trust
SVRA,Savara Inc
SVV,Savers Value Village Inc
SWBI,Smith & Wesson Brands Inc
SWI,Solarwinds Corp
SWIM,Latham Group Inc
SWKH,Swk Holdings Corp
SWTX,Springworks Therapeutics Inc
SWX,Southwest Gas Corp
SXC,Suncoke Energy Inc
SXI,Standex International Corp
SXT,Sensient Technologies Corp
SYBT,Stock Yards Bancorp
SYNA,Synaptics Inc
SYRE,Spyre Therapeutics Inc
TALK,Talkspace Inc
TALO,Talos Energy Inc
TARS,Tarsus Pharmaceuticals Inc
TAYD,Taylor Devices Inc
TBBK,The Bancorp Inc
TBI,Trueblue Inc
TBPH,Theravance Bio Ord
TCBI,Texas Capital Bncsh
TCBK,Trico Bancshares
TCBX,Third Coast Bancshares Inc
TCI,Transcontinental Realty Investors
TCMD,Tactile Systems Technology Inc
TCRX,Tscan Therapeutics Inc
TCX,Tucows Inc Cl A
TDOC,Teladoc Health Inc
TDS,Telephone and Data Systems
TDUP,Thredup Inc Cl A
TDW,Tidewater Inc
TELA,Tela Bio Inc
TELL,Tellurian Inc
TENB,Tenable Holdings Inc
TERN,Terns Pharmaceuticals Inc
TEX,Terex Corp
TFIN,Triumph Financial Inc
TG,Tredegar Corp
TGI,Triumph Group
TGLS,Tecnoglass Inc
TGNA,Tegna Inc
TGTX,Tg Therapeuticscmn
TH,Target Hospitality Corp
THFF,First Finl Corp [In]
THR,Thermon Group Holdings Inc
THRD,Third Harmonic Bio Inc
THRM,Gentherm Inc
THRY,Thryv Holdings Inc
THS,Treehouse Foods
TILE,Interface Inc
TIPT,Tiptree Fncl Cl A
TITN,Titan Machinery Inc
TK,Teekay Shipping Corp
TLS,Telos Corp
TLYS,Tilly's Inc
TMCI,Treace Medical Concepts Inc
TMDX,Transmedics Group Inc
TMHC,Taylor Morrison Home Corp
TMP,Tompkinstrustco
TNC,Tennant Company
TNDM,Tandem Diabetes Care
TNET,Trinet Group Inc
TNGX,Tango Therapeutics Inc
TNK,Teekay Tankers Ltd
TNYA,Tenaya Therapeutics Inc
TOWN,Towne Bank
TPB,Turning Point Brands
TPC,Tutor Perini Corp
TPH,Tri Pointe Homes Inc
TPIC,Tpi Composites Inc
TRAK,Repositrak Inc
TRC,Tejon Ranch Company
TRDA,Entrada Therapeutics Inc
TREE,Lendingtree Inc
TRMK,Trustmark Corp
TRML,Tourmaline Bio Inc
TRN,Trinity Industries
TRNO,Terreno Realty Corp
TRNS,Transcat Inc
TROX,Tronox Inc
TRS,Trimas Corp
TRST,Trustco Bank Corp NY
TRTX,Tpg Re Finance Trust Inc
TRUE,Truecar Inc
TRUP,Trupanion Inc
TRVI,Trevi Therapeutics Inc
TSBK,Timberland Bancorp
TSE,Trinseo S.A.
TSHA,Taysha Gene Therapies Inc
TSQ,Townsquare Media Llc
TSVT,2Seventy Bio Inc
TTEC,Teletech Hlds
TTGT,Techtarget Inc
TTI,Tetra Technologies
TTMI,TTM Technologies
TTSH,Tile Shop Hlds
TUSK,Mammoth Energy Services Inc
TVTX,Travere Therapeutics Inc
TWI,Titan International
TWIN,Twin Disc Inc
TWKS,Thoughtworks Holding Inc
TWO,Two Harbors Invt Corp
TWST,Twist Bioscience Corp
TYRA,Tyra Biosciences Inc
UBSI,United Bkshs Inc
UCBI,United Comm Banks
UCTT,Ultra Clean Holdings
UDMY,Udemy Inc
UE,Urban Edge Properties
UEC,Uranium Energy
UFCS,United Fire Group
UFPI,Universal Forest Prd
UFPT,U F P Tech Inc
UHG,United Homes Group Inc
UHT,Universal Health Realty Income Trust
UIS,Unisys Corp
ULBI,Ultralife Corp
ULCC,Frontier Group Holdings Inc
ULH,Universal Logis Holdings
UMBF,UMB Financial Corp
UMH,Umh Properties
UNF,Unifirst Corp
UNFI,United Nat Foods
UNIT,Uniti Group Inc
UNTY,Unity Bancorp Inc
UONE,Urban One Inc
UONEK,Urban One Inc
UP,Wheels Up Experience Inc
UPBD,Upbound Group Inc
UPST,Upstart Holdings Inc
UPWK,Upwork Inc
URBN,Urban Outfitters Inc
URG,Ur Energy Inc
URGN,Urogen Pharma Ltd
USAP,Universal Stainles
USCB,Uscb Financial Hldgs Inc
USLM,U S Lime & Mineral
USNA,Usana Health Sciences Inc
USPH,U.S. Physical Therapy
UTI,Universal Technical Institute Inc
UTL,Unitil Corp
UTMD,Utah Medical Prod
UTZ,Utz Brands Inc
UUUU,Energy Fuels Inc
UVE,Universal Insurance Holdings Inc
UVSP,Univest Corp of Penn
UVV,Universal Corp
VABK,Virginia Natl Bnk
VAL,Valaris Ltd
VALU,Value Line Inc
VBTX,Veritex Holdings
VC,Visteon Corp
VCEL,Vericel Corporation
VCSA,Vacasa Inc Cl A
VCTR,Victory Capital Holdings Inc Cl A
VCYT,Veracyte Inc
VECO,Veeco Instrument
VEL,Velocity Financial Inc
VERA,Vera Therapeutics Inc Cl A
VERU,Veru Inc
VERV,Verve Therapeutics Inc
VERX,Vertex Inc Cl A
VGAS,Verde Clean Fuels Inc
VGR,Vector Group Ltd
VHI,Valhi Inc
VIAV,Viavi Solutions
VICR,Vicor Corp
VIR,Vir Biotechnology Inc
VIRC,Virco MFG Corp
VITL,Vital Farms Inc
VLD,Velo3D Inc
VLGEA,Village Super Mkt
VLY,Valley National Bancorp
VMD,Viemed Healthcare Inc
VMEO,Vimeo Inc
VNDA,Vanda Pharmaceuticals
VOXX,Voxx Intl Corp
VPG,Vishay Precision Group
VRA,Vera Bradley
VRCA,Verrica Pharmaceuticals Inc
VRDN,Viridian Therapeutics Inc
VRE,Veris Residential Inc
VREX,Varex Imaging Corp
VRNS,Varonis Systems Inc
VRNT,Verint Systems Inc
VRRM,Verra Mobility Corp
VRTS,Virtus Investment Partners
VSAT,Viasat Inc
VSCO,Victorias Secret & Co.
VSEC,V S E Corp
VSH,Vishay Intertechnology
VSTM,Verastem Inc
VSTO,Vista Outdoor Inc
VTLE,Vital Energy Inc
VTOL,Bristow Group Inc
VTS,Vitesse Energy Inc
VTSI,Virtra Systems Inc
VTYX,Ventyx Biosciences Inc
VVI,Viad Corp
VVX,V2X Inc
VYGR,Voyager Therapeut
VYX,NCR Voyix Corporation
VZIO,Vizio Holding Corp Cl A
WABC,Westamerica Bancorp
WAFD,Wafd Inc
WALD,Waldencast Plc
WASH,Washington TR Bncorp
WD,Walker & Dunlop
WDFC,W D 40 Company
WEAV,Weave Communications Inc
WERN,Werner Enterprise
WEST,Westrock Coffee Company
WEYS,Weyco Gp Inc
WGO,Winnebago Industries
WGS,Genedx Holdings Corp
WHD,Cactus Inc Cl A
WINA,Winmark Corp
WK,Workiva Llc
WKC,World Kinect Corp
WLDN,Willdan Group Inc
WLFC,Willis Lease Fin C
WLLAW,Chord Energy Corp
WLLBW,Whiting Petroleum Corp
WLY,John Wiley Sons Cl A
WMK,Weis Markets
WNC,Wabash National Corp
WNS,Wns Ltd ADR
WOOF,Petco Health and Wellness Company Cl A
WOR,Worthington Enterprises Inc
WOW,Wideopenwest Inc
WRBY,Warby Parker Inc Cl A
WRLD,World Acceptance Corp
WS,Worthington Steel Inc
WSBC,Wesbanco Inc
WSBF,Waterstone Financial
WSFS,WSFS Financial Corp
WSR,Whitestone REIT
WT,Wisdomtree Inc
WTBA,West Bancorp
WTI,W&T Offshore
WTS,Watts Water Technologies
WTTR,Select Water Solutions Inc
WULF,Terawulf Inc
WVE,Wave Life Sci Ord Sh
WWW,Wolverine World Wide
XBIT,Xbiotech Inc
XERS,Xeris Pharmaceuticals Inc
XFOR,X4 Pharmaceuticals Inc
XHR,Xenia Hotels & Resorts Inc
XMTR,Xometry Inc Cl A
XNCR,Xencor Inc
XOMA,Xoma Royalty Corporation
XPEL,Xpel Technologies
XPER,Xperi Inc
XPOF,Xponential Fitness Inc Cl A
XPRO,Expro Group Hldgs N.V.
XRX,Xerox Corp
YELP,Yelp Inc
YEXT,Yext Inc
YMAB,Y-Mabs Therapeutics Inc
YORW,York Water Company
YOU,Clear Secure Inc Cl A
ZD,Ziff Davis Inc
ZETA,Zeta Global Holdings Corp Cl A
ZEUS,Olympic Steel Inc
ZIMV,Zimvie Inc
ZIP,Ziprecruiter Inc Cl A
ZNTL,Zentalis Pharmaceuticals Inc
ZUMZ,Zumiez Inc
ZUO,Zuora Inc
ZURA,Zura Bio Ltd
ZVRA,Zevra Therapeutics Inc
ZWS,Zurn Elkay Water Solutions Corp
ZYME,Zymeworks Inc
ZYXI,Zynex Inc
Downloaded from Barchart.com as of 07-17-2024 07:54am CDT,
